Government Bus Name,Route Title,Fare,Route Link
KSRTC (Kerala),Bangalore to Kozhikode,492,https://www.redbus.in/bus-tickets/bangalore-to-kozhikode
KSRTC (Kerala),Kozhikode to Bangalore,453,https://www.redbus.in/bus-tickets/kozhikode-to-bangalore
KSRTC (Kerala),Kozhikode to Ernakulam,219,https://www.redbus.in/bus-tickets/kozhikode-to-ernakulam
KSRTC (Kerala),Ernakulam to Kozhikode,219,https://www.redbus.in/bus-tickets/ernakulam-to-kozhikode
KSRTC (Kerala),Mysore to Kozhikode,286,https://www.redbus.in/bus-tickets/mysore-to-kozhikode
KSRTC (Kerala),Kozhikode to Mysore,286,https://www.redbus.in/bus-tickets/kozhikode-to-mysore
KSRTC (Kerala),Bangalore to Kannur (Kerala),575,https://www.redbus.in/bus-tickets/bangalore-to-kannur
KSRTC (Kerala),Kozhikode to Thrissur,174,https://www.redbus.in/bus-tickets/kozhikode-to-thrissur
KSRTC (Kerala),Bangalore to Kalpetta (kerala),395,https://www.redbus.in/bus-tickets/bangalore-to-kalpetta
KSRTC (Kerala),Kalpetta (kerala) to Bangalore,365,https://www.redbus.in/bus-tickets/kalpetta-to-bangalore
APSRTC,Hyderabad to Vijayawada,272,https://www.redbus.in/bus-tickets/hyderabad-to-vijayawada
APSRTC,Vijayawada to Hyderabad,362,https://www.redbus.in/bus-tickets/vijayawada-to-hyderabad
APSRTC,Hyderabad to Ongole,500,https://www.redbus.in/bus-tickets/hyderabad-to-ongole
APSRTC,Chittoor (Andhra Pradesh) to Bangalore,186,https://www.redbus.in/bus-tickets/chittoor-andhra-pradesh-to-bangalore
APSRTC,Kakinada to Visakhapatnam,217,https://www.redbus.in/bus-tickets/kakinada-to-visakhapatnam
APSRTC,Ongole to Hyderabad,555,https://www.redbus.in/bus-tickets/ongole-to-hyderabad
APSRTC,Bangalore to Tirupati,264,https://www.redbus.in/bus-tickets/bangalore-to-tirupathi
APSRTC,Bangalore to Kadapa,335,https://www.redbus.in/bus-tickets/bangalore-to-kadapa
APSRTC,Kadapa to Bangalore,335,https://www.redbus.in/bus-tickets/kadapa-to-bangalore
APSRTC,Narasaraopet to Hyderabad,427,https://www.redbus.in/bus-tickets/narsaraopet-to-hyderabad
APSRTC,Hyderabad to Narasaraopet,335,https://www.redbus.in/bus-tickets/hyderabad-to-narsaraopet
APSRTC,Bangalore to Chittoor (Andhra Pradesh),170,https://www.redbus.in/bus-tickets/bangalore-to-chittoor-andhra-pradesh
APSRTC,Tirupati to Bangalore,280,https://www.redbus.in/bus-tickets/tirupathi-to-bangalore
APSRTC,Madanapalli to Bangalore,143,https://www.redbus.in/bus-tickets/madanapalli-to-bangalore
APSRTC,Bangalore to Anantapur (andhra pradesh),250,https://www.redbus.in/bus-tickets/bangalore-to-ananthapur
APSRTC,Vinukonda to Hyderabad,435,https://www.redbus.in/bus-tickets/vinukonda-to-hyderabad
APSRTC,Visakhapatnam to Kakinada,250,https://www.redbus.in/bus-tickets/visakhapatnam-to-kakinada
APSRTC,Anantapur (andhra pradesh) to Bangalore,250,https://www.redbus.in/bus-tickets/ananthapur-to-bangalore
APSRTC,Bangalore to Madanapalli,143,https://www.redbus.in/bus-tickets/bangalore-to-madanapalli
APSRTC,Eluru to Hyderabad,537,https://www.redbus.in/bus-tickets/eluru-to-hyderabad
APSRTC,Guntur (Andhra Pradesh) to Hyderabad,373,https://www.redbus.in/bus-tickets/guntur-to-hyderabad
APSRTC,Hyderabad to Kurnool,265,https://www.redbus.in/bus-tickets/hyderabad-to-kurnool
APSRTC,Kadiri to Bangalore,188,https://www.redbus.in/bus-tickets/kadiri-to-bangalore
APSRTC,Hyderabad to Vinukonda,416,https://www.redbus.in/bus-tickets/hyderabad-to-vinukonda
APSRTC,Bangalore to Kadiri,190,https://www.redbus.in/bus-tickets/bangalore-to-kadiri
APSRTC,Hyderabad to Eluru,514,https://www.redbus.in/bus-tickets/hyderabad-to-eluru
APSRTC,Macherla (andhra pradesh) to Hyderabad,289,https://www.redbus.in/bus-tickets/macherla-to-hyderabad
APSRTC,Hyderabad to Guntur (Andhra Pradesh),451,https://www.redbus.in/bus-tickets/hyderabad-to-guntur
APSRTC,Nandyal to Hyderabad,469,https://www.redbus.in/bus-tickets/nandyala-to-hyderabad
APSRTC,Hyderabad to Macherla (andhra pradesh),289,https://www.redbus.in/bus-tickets/hyderabad-to-macherla
APSRTC,Rayachoti to Bangalore,330,https://www.redbus.in/bus-tickets/rayachoti-to-bangalore
APSRTC,Chennai to Tirupati,149,https://www.redbus.in/bus-tickets/chennai-to-tirupathi
APSRTC,Bangalore to Rayachoti,269,https://www.redbus.in/bus-tickets/bangalore-to-rayachoti
APSRTC,Rajahmundry to Hyderabad,668,https://www.redbus.in/bus-tickets/rajahmundry-to-hyderabad
APSRTC,Rajahmundry to Visakhapatnam,298,https://www.redbus.in/bus-tickets/rajahmundry-to-visakhapatnam
APSRTC,Hyderabad to Rajahmundry,533,https://www.redbus.in/bus-tickets/hyderabad-to-rajahmundry
APSRTC,Hyderabad to Nandyal,362,https://www.redbus.in/bus-tickets/hyderabad-to-nandyala
APSRTC,Hyderabad to Addanki,357,https://www.redbus.in/bus-tickets/hyderabad-to-addanki
APSRTC,Kurnool to Vijayawada,428,https://www.redbus.in/bus-tickets/kurnool-to-vijayawada
APSRTC,Kurnool to Bangalore,536,https://www.redbus.in/bus-tickets/kurnool-to-bangalore
Kadamba Transport Corporation Limited (KTCL),Pune to Goa,1470,https://www.redbus.in/bus-tickets/pune-to-goa
Kadamba Transport Corporation Limited (KTCL),Goa to Pune,945,https://www.redbus.in/bus-tickets/goa-to-pune
Kadamba Transport Corporation Limited (KTCL),Mumbai to Goa,1050,https://www.redbus.in/bus-tickets/mumbai-to-goa
Kadamba Transport Corporation Limited (KTCL),Bangalore to Goa,1050,https://www.redbus.in/bus-tickets/bangalore-to-goa
Kadamba Transport Corporation Limited (KTCL),Belagavi to Goa,170,https://www.redbus.in/bus-tickets/belagavi-to-goa
Kadamba Transport Corporation Limited (KTCL),Goa to Bangalore,900,https://www.redbus.in/bus-tickets/goa-to-bangalore
Kadamba Transport Corporation Limited (KTCL),Goa to Mumbai,945,https://www.redbus.in/bus-tickets/goa-to-mumbai
Kadamba Transport Corporation Limited (KTCL),Goa to Belagavi,170,https://www.redbus.in/bus-tickets/goa-to-belagavi
Kadamba Transport Corporation Limited (KTCL),Pandharpur to Goa,735,https://www.redbus.in/bus-tickets/pandharpur-to-goa
Kadamba Transport Corporation Limited (KTCL),Solapur to Goa,850,https://www.redbus.in/bus-tickets/solapur-to-goa
Kadamba Transport Corporation Limited (KTCL),Goa to Kolhapur(Maharashtra),420,https://www.redbus.in/bus-tickets/goa-to-kolhapur-maharashtra
Kadamba Transport Corporation Limited (KTCL),Goa to Pandharpur,735,https://www.redbus.in/bus-tickets/goa-to-pandharpur
Kadamba Transport Corporation Limited (KTCL),Goa to Solapur,850,https://www.redbus.in/bus-tickets/goa-to-solapur
Kadamba Transport Corporation Limited (KTCL),Calangute (goa) to Goa Airport,210,https://www.redbus.in/bus-tickets/calangute-goa-to-goa-airport
Kadamba Transport Corporation Limited (KTCL),Goa to Sangola (Solapur),675,https://www.redbus.in/bus-tickets/goa-to-sangola
Kadamba Transport Corporation Limited (KTCL),Goa Airport to Calangute (goa),210,https://www.redbus.in/bus-tickets/goa-airport-to-calangute-goa
Kadamba Transport Corporation Limited (KTCL),Calangute (goa) to Mopa Airport,200,https://www.redbus.in/bus-tickets/calangute-goa-to-mopa-airport
Kadamba Transport Corporation Limited (KTCL),Sangola (Solapur) to Goa,675,https://www.redbus.in/bus-tickets/sangola-to-goa
Kadamba Transport Corporation Limited (KTCL),Goa to Sangli,490,https://www.redbus.in/bus-tickets/goa-to-sangli
Kadamba Transport Corporation Limited (KTCL),Ponda to Belagavi,150,https://www.redbus.in/bus-tickets/ponda-to-belagavi
Kadamba Transport Corporation Limited (KTCL),Shivamogga to Goa,450,https://www.redbus.in/bus-tickets/shimoga-to-goa
Kadamba Transport Corporation Limited (KTCL),Marcel to Belagavi,140,https://www.redbus.in/bus-tickets/marcel-to-belagavi
Kadamba Transport Corporation Limited (KTCL),Mopa Airport to Calangute (goa),200,https://www.redbus.in/bus-tickets/mopa-airport-to-calangute-goa
Kadamba Transport Corporation Limited (KTCL),Belagavi to Ponda,150,https://www.redbus.in/bus-tickets/belagavi-to-ponda
Kadamba Transport Corporation Limited (KTCL),Belagavi to Marcel,140,https://www.redbus.in/bus-tickets/belagavi-to-marcel
Kadamba Transport Corporation Limited (KTCL),Panaji to Goa Airport,157,https://www.redbus.in/bus-tickets/panaji-to-goa-airport
Kadamba Transport Corporation Limited (KTCL),Goa to Mopa Airport,150,https://www.redbus.in/bus-tickets/goa-to-mopa-airport
Kadamba Transport Corporation Limited (KTCL),Goa to Miraj,505,https://www.redbus.in/bus-tickets/goa-to-miraj
Kadamba Transport Corporation Limited (KTCL),Goa to Shivamogga,450,https://www.redbus.in/bus-tickets/goa-to-shimoga
Kadamba Transport Corporation Limited (KTCL),Mopa Airport to Goa,150,https://www.redbus.in/bus-tickets/mopa-airport-to-goa
Kadamba Transport Corporation Limited (KTCL),Saquelim to Belagavi,140,https://www.redbus.in/bus-tickets/saquelim-to-belagavi
Kadamba Transport Corporation Limited (KTCL),Margao to Mopa Airport,400,https://www.redbus.in/bus-tickets/margoa-to-mopa-airport
Kadamba Transport Corporation Limited (KTCL),Mopa Airport to Margao,400,https://www.redbus.in/bus-tickets/mopa-airport-to-margoa
Kadamba Transport Corporation Limited (KTCL),Panaji to Mopa Airport,200,https://www.redbus.in/bus-tickets/panaji-to-mopa-airport
Kadamba Transport Corporation Limited (KTCL),Belagavi to Saquelim,140,https://www.redbus.in/bus-tickets/belagavi-to-saquelim
Kadamba Transport Corporation Limited (KTCL),Goa to Satara,700,https://www.redbus.in/bus-tickets/goa-to-satara
Kadamba Transport Corporation Limited (KTCL),Goa Airport to Panaji,157,https://www.redbus.in/bus-tickets/goa-airport-to-panaji
Kadamba Transport Corporation Limited (KTCL),Shirdi to Goa,1200,https://www.redbus.in/bus-tickets/shirdi-to-goa
Kadamba Transport Corporation Limited (KTCL),Mopa Airport to Panaji,200,https://www.redbus.in/bus-tickets/mopa-airport-to-panaji
Kadamba Transport Corporation Limited (KTCL),Goa to Shirdi,1200,https://www.redbus.in/bus-tickets/goa-to-shirdi
TGSRTC,Hyderabad to Srisailam,390,https://www.redbus.in/bus-tickets/hyderabad-to-srisailam
TGSRTC,Khammam to Hyderabad,277,https://www.redbus.in/bus-tickets/khammam-to-hyderabad
TGSRTC,Hyderabad to Vijayawada,352,https://www.redbus.in/bus-tickets/hyderabad-to-vijayawada
TGSRTC,Hyderabad to Khammam,281,https://www.redbus.in/bus-tickets/hyderabad-to-khammam
TGSRTC,Karimnagar to Hyderabad,283,https://www.redbus.in/bus-tickets/karimnagar-to-hyderabad
TGSRTC,Hyderabad to Mancherial,429,https://www.redbus.in/bus-tickets/hyderabad-to-mancherial
TGSRTC,Guntur (Andhra Pradesh) to Hyderabad,364,https://www.redbus.in/bus-tickets/guntur-to-hyderabad
TGSRTC,Hyderabad to Adilabad,504,https://www.redbus.in/bus-tickets/hyderabad-to-adilabad
TGSRTC,Hyderabad to Ongole,424,https://www.redbus.in/bus-tickets/hyderabad-to-ongole
TGSRTC,Hyderabad to Nirmal,376,https://www.redbus.in/bus-tickets/hyderabad-to-nirmal
TGSRTC,Kothagudem to Hyderabad,392,https://www.redbus.in/bus-tickets/kothagudem-to-hyderabad
TGSRTC,Hyderabad to Guntur (Andhra Pradesh),364,https://www.redbus.in/bus-tickets/hyderabad-to-guntur
TGSRTC,Hyderabad to Karimnagar,281,https://www.redbus.in/bus-tickets/hyderabad-to-karimnagar
TGSRTC,Godavarikhani to Hyderabad,392,https://www.redbus.in/bus-tickets/godavarikhani-to-hyderabad
TGSRTC,Hyderabad to Sathupally,453,https://www.redbus.in/bus-tickets/hyderabad-to-sathupalli
TGSRTC,Hyderabad to Kothagudem,396,https://www.redbus.in/bus-tickets/hyderabad-to-kothagudem
TGSRTC,Hyderabad to Anantapur (andhra pradesh),471,https://www.redbus.in/bus-tickets/hyderabad-to-ananthapur
TGSRTC,Jagityal to Hyderabad,363,https://www.redbus.in/bus-tickets/jagityal-to-hyderabad
TGSRTC,Hyderabad to Bhadrachalam,450,https://www.redbus.in/bus-tickets/hyderabad-to-bhadrachalam
TGSRTC,Hyderabad to Tirupati,732,https://www.redbus.in/bus-tickets/hyderabad-to-tirupathi
RSRTC,Jodhpur to Ajmer,226,https://www.redbus.in/bus-tickets/jodhpur-to-ajmer
RSRTC,Jaipur (Rajasthan) to Jodhpur,356,https://www.redbus.in/bus-tickets/jaipur-to-jodhpur
RSRTC,Beawar (Rajasthan) to Jaipur (Rajasthan),206,https://www.redbus.in/bus-tickets/beawer-to-jaipur
RSRTC,Udaipur to Jodhpur,285,https://www.redbus.in/bus-tickets/udaipur-to-jodhpur
RSRTC,Sikar to Jaipur (Rajasthan),129,https://www.redbus.in/bus-tickets/sikar-to-jaipur
RSRTC,Aligarh (uttar pradesh) to Jaipur (Rajasthan),369,https://www.redbus.in/bus-tickets/aligarh-uttar-pradesh-to-jaipur
RSRTC,Kishangarh to Jaipur (Rajasthan),120,https://www.redbus.in/bus-tickets/kishangarh-to-jaipur
RSRTC,Jaipur (Rajasthan) to Pilani,263,https://www.redbus.in/bus-tickets/jaipur-to-pilani
RSRTC,Jaipur (Rajasthan) to Aligarh (uttar pradesh),369,https://www.redbus.in/bus-tickets/jaipur-to-aligarh-uttar-pradesh
RSRTC,Jodhpur to Beawar (Rajasthan),167,https://www.redbus.in/bus-tickets/jodhpur-to-beawer
UPSRTC,Bareilly (Uttar Pradesh) to Delhi,413,https://www.redbus.in/bus-tickets/bareilly-to-delhi
UPSRTC,Delhi to Bareilly (Uttar Pradesh),413,https://www.redbus.in/bus-tickets/delhi-to-bareilly
UPSRTC,Aligarh (uttar pradesh) to Delhi,204,https://www.redbus.in/bus-tickets/aligarh-uttar-pradesh-to-delhi
UPSRTC,Lucknow to Prayagraj(Uttar Pradesh),310,https://www.redbus.in/bus-tickets/lucknow-to-allahabad
UPSRTC,Lucknow to Delhi,746,https://www.redbus.in/bus-tickets/lucknow-to-delhi
UPSRTC,Farrukhabad (Uttar Pradesh) to Delhi,485,https://www.redbus.in/bus-tickets/farrukhabad-up-to-delhi
UPSRTC,Prayagraj(Uttar Pradesh) to Lucknow,310,https://www.redbus.in/bus-tickets/allahabad-to-lucknow
UPSRTC,Sitapur (Uttar Pradesh) to Delhi,666,https://www.redbus.in/bus-tickets/sitapur-to-delhi
UPSRTC,Gorakhpur (uttar pradesh) to Lucknow,414,https://www.redbus.in/bus-tickets/gorakhpur-to-lucknow
UPSRTC,Lucknow to Agra,429,https://www.redbus.in/bus-tickets/lucknow-to-agra
UPSRTC,Varanasi to Lucknow,475,https://www.redbus.in/bus-tickets/varanasi-to-lucknow
UPSRTC,Delhi to Farrukhabad (Uttar Pradesh),482,https://www.redbus.in/bus-tickets/delhi-to-farrukhabad-up
UPSRTC,Delhi to Aligarh (uttar pradesh),204,https://www.redbus.in/bus-tickets/delhi-to-aligarh-uttar-pradesh
UPSRTC,Agra to Lucknow,429,https://www.redbus.in/bus-tickets/agra-to-lucknow
UPSRTC,Ballia (Uttar Pradesh) to Lucknow,575,https://www.redbus.in/bus-tickets/ballia-to-lucknow
UPSRTC,Lucknow to Aligarh (uttar pradesh),655,https://www.redbus.in/bus-tickets/lucknow-to-aligarh-uttar-pradesh
UPSRTC,Badaun to Delhi,334,https://www.redbus.in/bus-tickets/badaun-to-delhi
UPSRTC,Lucknow to Varanasi,475,https://www.redbus.in/bus-tickets/lucknow-to-varanasi
UPSRTC,Delhi to Lucknow,730,https://www.redbus.in/bus-tickets/delhi-to-lucknow
UPSRTC,Moradabad to Delhi,262,https://www.redbus.in/bus-tickets/moradabad-to-delhi
UPSRTC,Aligarh (uttar pradesh) to Lucknow,600,https://www.redbus.in/bus-tickets/aligarh-to-lucknow
UPSRTC,Gorakhpur (uttar pradesh) to Delhi,1183,https://www.redbus.in/bus-tickets/gorakhpur-to-delhi
UPSRTC,Varanasi to Gorakhpur (uttar pradesh),359,https://www.redbus.in/bus-tickets/varanasi-to-gorakhpur
UPSRTC,Lucknow to Mathura,602,https://www.redbus.in/bus-tickets/lucknow-to-mathura
UPSRTC,Shahjahanpur (Uttar Pradesh) to Delhi,532,https://www.redbus.in/bus-tickets/shahjahanpur-to-delhi
UPSRTC,Lucknow to Ballia (Uttar Pradesh),575,https://www.redbus.in/bus-tickets/lucknow-to-ballia
UPSRTC,Delhi to Sitapur (Uttar Pradesh),666,https://www.redbus.in/bus-tickets/delhi-to-sitapur
UPSRTC,Kanpur (Uttar Pradesh) to Bareilly (Uttar Pradesh),395,https://www.redbus.in/bus-tickets/kanpur-to-bareilly
UPSRTC,Delhi to Badaun,334,https://www.redbus.in/bus-tickets/delhi-to-badaun
UPSRTC,Kanpur (Uttar Pradesh) to Varanasi,499,https://www.redbus.in/bus-tickets/kanpur-to-varanasi
UPSRTC,Lucknow to Bareilly (Uttar Pradesh),383,https://www.redbus.in/bus-tickets/lucknow-to-bareilly
UPSRTC,Aligarh (uttar pradesh) to Greater noida (uttar pradesh),217,https://www.redbus.in/bus-tickets/aligarh-to-greater-noida
UPSRTC,Agra to Bareilly (Uttar Pradesh),323,https://www.redbus.in/bus-tickets/agra-to-bareilly
UPSRTC,Lucknow to Kanpur (Uttar Pradesh),142,https://www.redbus.in/bus-tickets/lucknow-to-kanpur
UPSRTC,Bareilly (Uttar Pradesh) to Dehradun,516,https://www.redbus.in/bus-tickets/bareilly-to-dehradun
UPSRTC,Pilibhit to Delhi,482,https://www.redbus.in/bus-tickets/pilibhit-to-delhi
UPSRTC,Bareilly (Uttar Pradesh) to Agra,323,https://www.redbus.in/bus-tickets/bareilly-to-agra
UPSRTC,Delhi to Moradabad,262,https://www.redbus.in/bus-tickets/delhi-to-moradabad
UPSRTC,Bareilly (Uttar Pradesh) to Lucknow,377,https://www.redbus.in/bus-tickets/bareilly-to-lucknow
UPSRTC,Varanasi to Prayagraj(Uttar Pradesh),201,https://www.redbus.in/bus-tickets/varanasi-to-allahabad
HRTC,Shimla to Delhi,512,https://www.redbus.in/bus-tickets/shimla-to-delhi
HRTC,Delhi to Shimla,507,https://www.redbus.in/bus-tickets/delhi-to-shimla
HRTC,Hamirpur (Himachal Pradesh) to Chandigarh,302,https://www.redbus.in/bus-tickets/hamirpur-himachal-pradesh-to-chandigarh
HRTC,Chandigarh to Hamirpur (Himachal Pradesh),302,https://www.redbus.in/bus-tickets/chandigarh-to-hamirpur-himachal-pradesh
HRTC,Hamirpur (Himachal Pradesh) to Delhi,567,https://www.redbus.in/bus-tickets/hamirpur-himachal-pradesh-to-delhi
HRTC,Chamba (Himachal Pradesh) to Chandigarh,597,https://www.redbus.in/bus-tickets/chamba-himachal-pradesh-to-chandigarh
HRTC,Delhi to Chandigarh,265,https://www.redbus.in/bus-tickets/delhi-to-chandigarh
HRTC,Shimla to Manali,556,https://www.redbus.in/bus-tickets/shimla-to-manali
HRTC,Delhi to Hamirpur (Himachal Pradesh),555,https://www.redbus.in/bus-tickets/delhi-to-hamirpur-himachal-pradesh
HRTC,Manali to Chandigarh,544,https://www.redbus.in/bus-tickets/manali-to-chandigarh
HRTC,Dharamshala (Himachal Pradesh) to Chandigarh,430,https://www.redbus.in/bus-tickets/dharamshala-to-chandigarh
HRTC,Kangra to Chandigarh,377,https://www.redbus.in/bus-tickets/kangra-to-chandigarh
HRTC,Chandigarh to Manali,539,https://www.redbus.in/bus-tickets/chandigarh-to-manali
HRTC,Delhi to Nalagarh,347,https://www.redbus.in/bus-tickets/delhi-to-nalagarh
HRTC,Chandigarh to Dharamshala (Himachal Pradesh),419,https://www.redbus.in/bus-tickets/chandigarh-to-dharamshala
HRTC,Shimla to Chandigarh,240,https://www.redbus.in/bus-tickets/shimla-to-chandigarh
HRTC,Delhi to Solan,404,https://www.redbus.in/bus-tickets/delhi-to-solan
HRTC,Delhi to Manali,834,https://www.redbus.in/bus-tickets/delhi-to-manali
HRTC,Chamba (Himachal Pradesh) to Delhi,876,https://www.redbus.in/bus-tickets/chamba-himachal-pradesh-to-delhi
HRTC,Palampur to Chandigarh,465,https://www.redbus.in/bus-tickets/palampur-to-chandigarh
HRTC,Solan to Delhi,529,https://www.redbus.in/bus-tickets/solan-to-delhi
HRTC,Manali to Shimla,556,https://www.redbus.in/bus-tickets/manali-to-shimla
HRTC,Manali to Delhi,834,https://www.redbus.in/bus-tickets/manali-to-delhi
HRTC,Ghumarwin to Chandigarh,203,https://www.redbus.in/bus-tickets/ghumarwin-to-chandigarh
HRTC,Delhi to Chamba (Himachal Pradesh),876,https://www.redbus.in/bus-tickets/delhi-to-chamba-himachal-pradesh
HRTC,Chandigarh to Kullu,451,https://www.redbus.in/bus-tickets/chandigarh-to-kullu
HRTC,Palampur to Delhi,745,https://www.redbus.in/bus-tickets/palampur-to-delhi
HRTC,Shimla to Dehradun,472,https://www.redbus.in/bus-tickets/shimla-to-dehradun
HRTC,Chandigarh to Kangra,377,https://www.redbus.in/bus-tickets/chandigarh-to-kangra
HRTC,Ghumarwin to Delhi,475,https://www.redbus.in/bus-tickets/ghumarwin-to-delhi
PEPSU (Punjab),Patiala to Delhi,477,https://www.redbus.in/bus-tickets/patiala-to-delhi
PEPSU (Punjab),Delhi to Patiala,477,https://www.redbus.in/bus-tickets/delhi-to-patiala
PEPSU (Punjab),Ludhiana to Delhi,887,https://www.redbus.in/bus-tickets/ludhiana-to-delhi
PEPSU (Punjab),Jalandhar to Delhi,1057,https://www.redbus.in/bus-tickets/jalandhar-to-delhi
PEPSU (Punjab),Ludhiana to Delhi Airport,1017,https://www.redbus.in/bus-tickets/ludhiana-to-delhi-airport
PEPSU (Punjab),Delhi to Ludhiana,887,https://www.redbus.in/bus-tickets/delhi-to-ludhiana
PEPSU (Punjab),Jalandhar to Delhi Airport,1227,https://www.redbus.in/bus-tickets/jalandhar-to-delhi-airport
PEPSU (Punjab),Delhi Airport to Patiala,867,https://www.redbus.in/bus-tickets/delhi-airport-to-patiala
PEPSU (Punjab),Delhi to Jalandhar,1097,https://www.redbus.in/bus-tickets/delhi-to-jalandhar
PEPSU (Punjab),Delhi Airport to Ludhiana,1047,https://www.redbus.in/bus-tickets/delhi-airport-to-ludhiana
PEPSU (Punjab),Phagwara to Delhi,1002,https://www.redbus.in/bus-tickets/phagwara-to-delhi
PEPSU (Punjab),Delhi to Amritsar,1332,https://www.redbus.in/bus-tickets/delhi-to-amritsar
PEPSU (Punjab),Chandigarh to Patiala,172,https://www.redbus.in/bus-tickets/chandigarh-to-patiala
PEPSU (Punjab),Chandigarh to Bathinda,482,https://www.redbus.in/bus-tickets/chandigarh-to-bathinda
PEPSU (Punjab),Delhi Airport to Jalandhar,1227,https://www.redbus.in/bus-tickets/delhi-airport-to-jalandhar
PEPSU (Punjab),Patiala to Amritsar,417,https://www.redbus.in/bus-tickets/patiala-to-amritsar
PEPSU (Punjab),Amritsar to Delhi Airport,1462,https://www.redbus.in/bus-tickets/amritsar-to-delhi-airport
PEPSU (Punjab),Amritsar to Delhi,1332,https://www.redbus.in/bus-tickets/amritsar-to-delhi
PEPSU (Punjab),Phagwara to Delhi Airport,1132,https://www.redbus.in/bus-tickets/phagwara-to-delhi-airport
PEPSU (Punjab),Amritsar to Patiala,417,https://www.redbus.in/bus-tickets/amritsar-to-patiala
Chandigarh Transport Undertaking (CTU),Yamuna Nagar to Chandigarh,195,https://www.redbus.in/bus-tickets/yamuna-nagar-to-chandigarh
Chandigarh Transport Undertaking (CTU),Chandigarh to Delhi,404,https://www.redbus.in/bus-tickets/chandigarh-to-delhi
Chandigarh Transport Undertaking (CTU),Delhi to Chandigarh,414,https://www.redbus.in/bus-tickets/delhi-to-chandigarh
Chandigarh Transport Undertaking (CTU),Chandigarh to Vrindavan,634,https://www.redbus.in/bus-tickets/chandigarh-to-vrindavan
Chandigarh Transport Undertaking (CTU),Ludhiana to Chandigarh,181,https://www.redbus.in/bus-tickets/ludhiana-to-chandigarh
Chandigarh Transport Undertaking (CTU),Chandigarh to Yamuna Nagar,195,https://www.redbus.in/bus-tickets/chandigarh-to-yamuna-nagar
Chandigarh Transport Undertaking (CTU),Vrindavan to Chandigarh,634,https://www.redbus.in/bus-tickets/vrindavan-to-chandigarh
Chandigarh Transport Undertaking (CTU),Dehradun to Chandigarh,397,https://www.redbus.in/bus-tickets/dehradun-to-chandigarh
Chandigarh Transport Undertaking (CTU),Chandigarh to Ludhiana,181,https://www.redbus.in/bus-tickets/chandigarh-to-ludhiana
Chandigarh Transport Undertaking (CTU),Hamirpur (Himachal Pradesh) to Chandigarh,456,https://www.redbus.in/bus-tickets/hamirpur-himachal-pradesh-to-chandigarh
Chandigarh Transport Undertaking (CTU),Chandigarh to Dehradun,397,https://www.redbus.in/bus-tickets/chandigarh-to-dehradun
Chandigarh Transport Undertaking (CTU),Chandigarh to Shimla,308,https://www.redbus.in/bus-tickets/chandigarh-to-shimla
Chandigarh Transport Undertaking (CTU),Sujanpur (himachal pradesh) to Chandigarh,476,https://www.redbus.in/bus-tickets/sujanpur-to-chandigarh
Chandigarh Transport Undertaking (CTU),Chandigarh to Hamirpur (Himachal Pradesh),456,https://www.redbus.in/bus-tickets/chandigarh-to-hamirpur-himachal-pradesh
Chandigarh Transport Undertaking (CTU),Chandigarh to Pathankot,468,https://www.redbus.in/bus-tickets/chandigarh-to-pathankot
Chandigarh Transport Undertaking (CTU),Chandigarh to Dharamshala (Himachal Pradesh),536,https://www.redbus.in/bus-tickets/chandigarh-to-dharamshala
Chandigarh Transport Undertaking (CTU),Talwara to Chandigarh,352,https://www.redbus.in/bus-tickets/talwara-to-chandigarh
Chandigarh Transport Undertaking (CTU),Dinanagar (punjab) to Chandigarh,438,https://www.redbus.in/bus-tickets/dinanagar-punjab-to-chandigarh
Chandigarh Transport Undertaking (CTU),Chandigarh to Dinanagar (punjab),438,https://www.redbus.in/bus-tickets/chandigarh-to-dinanagar-punjab
Chandigarh Transport Undertaking (CTU),Chandigarh to Sujanpur (himachal pradesh),476,https://www.redbus.in/bus-tickets/chandigarh-to-sujanpur
RSRTC,Udaipur to Jodhpur,285,https://www.redbus.in/bus-tickets/udaipur-to-jodhpur
RSRTC,Jodhpur to Ajmer,226,https://www.redbus.in/bus-tickets/jodhpur-to-ajmer
RSRTC,Beawar (Rajasthan) to Jaipur (Rajasthan),206,https://www.redbus.in/bus-tickets/beawer-to-jaipur
RSRTC,Sikar to Jaipur (Rajasthan),129,https://www.redbus.in/bus-tickets/sikar-to-jaipur
RSRTC,Jaipur (Rajasthan) to Jodhpur,356,https://www.redbus.in/bus-tickets/jaipur-to-jodhpur
RSRTC,Aligarh (uttar pradesh) to Jaipur (Rajasthan),369,https://www.redbus.in/bus-tickets/aligarh-uttar-pradesh-to-jaipur
RSRTC,Jaipur (Rajasthan) to Aligarh (uttar pradesh),369,https://www.redbus.in/bus-tickets/jaipur-to-aligarh-uttar-pradesh
RSRTC,Jodhpur to Beawar (Rajasthan),167,https://www.redbus.in/bus-tickets/jodhpur-to-beawer
RSRTC,Jaipur (Rajasthan) to Pilani,263,https://www.redbus.in/bus-tickets/jaipur-to-pilani
RSRTC,Kishangarh to Jaipur (Rajasthan),120,https://www.redbus.in/bus-tickets/kishangarh-to-jaipur
Bihar State Road Transport Corporation (BSRTC),Patna (Bihar) to Motihari,230,https://www.redbus.in/bus-tickets/patna-to-motihari
Bihar State Road Transport Corporation (BSRTC),Patna (Bihar) to Bettiah,285,https://www.redbus.in/bus-tickets/patna-to-bettiah
Bihar State Road Transport Corporation (BSRTC),Bettiah to Patna (Bihar),285,https://www.redbus.in/bus-tickets/bettiah-to-patna
Bihar State Road Transport Corporation (BSRTC),Gopalganj (Bihar) to Delhi,1200,https://www.redbus.in/bus-tickets/gopalganj-to-delhi
Bihar State Road Transport Corporation (BSRTC),Balmiki Nagar (bihar) to Patna (Bihar),428,https://www.redbus.in/bus-tickets/balmiki-nagar-bihar-to-patna
Bihar State Road Transport Corporation (BSRTC),Motihari to Delhi,1350,https://www.redbus.in/bus-tickets/motihari-to-delhi
Bihar State Road Transport Corporation (BSRTC),Patna (Bihar) to Katihar,468,https://www.redbus.in/bus-tickets/patna-to-katihar
Bihar State Road Transport Corporation (BSRTC),Patna (Bihar) to Balmiki Nagar (bihar),428,https://www.redbus.in/bus-tickets/patna-to-balmiki-nagar-bihar
Bihar State Road Transport Corporation (BSRTC),Delhi to Motihari,1350,https://www.redbus.in/bus-tickets/delhi-to-motihari
Bihar State Road Transport Corporation (BSRTC),Muzaffarpur (Bihar) to Ranchi,605,https://www.redbus.in/bus-tickets/muzaffarpur-to-ranchi
Bihar State Road Transport Corporation (BSRTC),Patna (Bihar) to Kathmandu,1015,https://www.redbus.in/bus-tickets/patna-to-kathmandu
Bihar State Road Transport Corporation (BSRTC),Patna (Bihar) to Ranchi,525,https://www.redbus.in/bus-tickets/patna-to-ranchi
Bihar State Road Transport Corporation (BSRTC),Ranchi to Patna (Bihar),500,https://www.redbus.in/bus-tickets/ranchi-to-patna
Bihar State Road Transport Corporation (BSRTC),Patna (Bihar) to Purnea,468,https://www.redbus.in/bus-tickets/patna-to-purnea
Bihar State Road Transport Corporation (BSRTC),Hazaribagh to Patna (Bihar),377,https://www.redbus.in/bus-tickets/hazaribagh-to-patna
Bihar State Road Transport Corporation (BSRTC),Ranchi to Muzaffarpur (Bihar),605,https://www.redbus.in/bus-tickets/ranchi-to-muzaffarpur
Bihar State Road Transport Corporation (BSRTC),Patna (Bihar) to Hazaribagh,396,https://www.redbus.in/bus-tickets/patna-to-hazaribagh
Bihar State Road Transport Corporation (BSRTC),Katihar to Patna (Bihar),468,https://www.redbus.in/bus-tickets/katihar-to-patna
Bihar State Road Transport Corporation (BSRTC),Muzaffarpur (Bihar) to Hazaribagh,484,https://www.redbus.in/bus-tickets/muzaffarpur-to-hazaribagh
Bihar State Road Transport Corporation (BSRTC),Patna (Bihar) to Raxaul,293,https://www.redbus.in/bus-tickets/patna-to-raxaul
Bihar State Road Transport Corporation (BSRTC),Muzaffarpur (Bihar) to Kathmandu,855,https://www.redbus.in/bus-tickets/muzaffarpur-to-kathmandu
Bihar State Road Transport Corporation (BSRTC),Motihari to Kathmandu,685,https://www.redbus.in/bus-tickets/motihari-to-kathmandu
Bihar State Road Transport Corporation (BSRTC),Hazaribagh to Muzaffarpur (Bihar),484,https://www.redbus.in/bus-tickets/hazaribagh-to-muzaffarpur
Bihar State Road Transport Corporation (BSRTC),Patna (Bihar) to Forbesganj,450,https://www.redbus.in/bus-tickets/patna-to-forbesganj
Bihar State Road Transport Corporation (BSRTC),Patna (Bihar) to Saharsa,400,https://www.redbus.in/bus-tickets/patna-to-saharsa
Bihar State Road Transport Corporation (BSRTC),Patna (Bihar) to Araria (Bihar),468,https://www.redbus.in/bus-tickets/patna-to-araria
Bihar State Road Transport Corporation (BSRTC),Patna (Bihar) to Darbhanga,213,https://www.redbus.in/bus-tickets/patna-to-darbhanga
Bihar State Road Transport Corporation (BSRTC),Purnea to Patna (Bihar),468,https://www.redbus.in/bus-tickets/purnea-to-patna
Bihar State Road Transport Corporation (BSRTC),Agra to Motihari,1100,https://www.redbus.in/bus-tickets/agra-to-motihari
Bihar State Road Transport Corporation (BSRTC),Muzaffarpur (Bihar) to Ramgarh (Jharkhand),548,https://www.redbus.in/bus-tickets/muzaffarpur-to-ramgarh
WBTC (CTC),Durgapur (West Bengal) to Kolkata,135,https://www.redbus.in/bus-tickets/durgapur-to-kolkata
WBTC (CTC),Digha to Barasat (West Bengal),161,https://www.redbus.in/bus-tickets/digha-to-barasat-west-bengal
WBTC (CTC),Barasat (West Bengal) to Midnapore,120,https://www.redbus.in/bus-tickets/barasat-west-bengal-to-midnapore
WBTC (CTC),Midnapore to Kolkata,105,https://www.redbus.in/bus-tickets/midnapore-to-kolkata
WBTC (CTC),Digha to Kolkata,145,https://www.redbus.in/bus-tickets/digha-to-kolkata
WBTC (CTC),Barasat (West Bengal) to Nandakumar (west bengal),89,https://www.redbus.in/bus-tickets/barasat-west-bengal-to-nandakumar
WBTC (CTC),Kolkata to Digha,145,https://www.redbus.in/bus-tickets/kolkata-to-digha
WBTC (CTC),Barasat (West Bengal) to Contai (Kanthi),131,https://www.redbus.in/bus-tickets/barasat-west-bengal-to-contai-kanthi
WBTC (CTC),Midnapore to Barasat (West Bengal),120,https://www.redbus.in/bus-tickets/midnapore-to-barasat-west-bengal
WBTC (CTC),Barasat (West Bengal) to Kolaghat,69,https://www.redbus.in/bus-tickets/barasat-west-bengal-to-kolaghat
WBTC (CTC),Barasat (West Bengal) to Digha,161,https://www.redbus.in/bus-tickets/barasat-west-bengal-to-digha
WBTC (CTC),Kolkata to Durgapur (West Bengal),135,https://www.redbus.in/bus-tickets/kolkata-to-durgapur
WBTC (CTC),Kolkata to Suri,400,https://www.redbus.in/bus-tickets/kolkata-to-suri
WBTC (CTC),Kolkata to Bolpur (West Bengal),340,https://www.redbus.in/bus-tickets/kolkata-to-bolpur-west-bengal
WBTC (CTC),Barasat (West Bengal) to Durgapur (West Bengal),147,https://www.redbus.in/bus-tickets/barasat-west-bengal-to-durgapur
WBTC (CTC),Barasat (West Bengal) to Chowrangee(Kharagpur),114,https://www.redbus.in/bus-tickets/barasat-west-bengal-to-chowrangee-kharagpur
WBTC (CTC),Kolkata to Mayapur ISKCON,108,https://www.redbus.in/bus-tickets/kolkata-to-mayapur-iskcon
WBTC (CTC),Haldia to Kolkata,97,https://www.redbus.in/bus-tickets/haldia-to-kolkata
WBTC (CTC),Barasat (West Bengal) to Heria,110,https://www.redbus.in/bus-tickets/barasat-west-bengal-to-heria
WBTC (CTC),Haldia to Barasat (West Bengal),113,https://www.redbus.in/bus-tickets/haldia-to-barasat-west-bengal
WBTC (CTC),Barasat (West Bengal) to Burdwan,93,https://www.redbus.in/bus-tickets/barasat-west-bengal-to-burdwan
WBTC (CTC),Barasat (West Bengal) to Haldia,113,https://www.redbus.in/bus-tickets/barasat-west-bengal-to-haldia
WBTC (CTC),Habra to Digha,179,https://www.redbus.in/bus-tickets/habra-to-digha
WBTC (CTC),Kolkata to Asansol (West Bengal),165,https://www.redbus.in/bus-tickets/kolkata-to-asansol
WBTC (CTC),Chowrangee(Kharagpur) to Barasat (West Bengal),114,https://www.redbus.in/bus-tickets/chowrangee-kharagpur-to-barasat-west-bengal
WBTC (CTC),Kolkata to Purulia,595,https://www.redbus.in/bus-tickets/kolkata-to-purulia
WBTC (CTC),Durgapur (West Bengal) to Barasat (West Bengal),147,https://www.redbus.in/bus-tickets/durgapur-to-barasat-west-bengal
WBTC (CTC),Durgapur (West Bengal) to Purulia,240,https://www.redbus.in/bus-tickets/durgapur-to-purulia
WBTC (CTC),Barasat (West Bengal) to Debra,98,https://www.redbus.in/bus-tickets/barasat-west-bengal-to-debra
WBTC (CTC),Digha to Habra,179,https://www.redbus.in/bus-tickets/digha-to-habra
South Bengal State Transport Corporation (SBSTC),Durgapur (West Bengal) to Kolkata,150,https://www.redbus.in/bus-tickets/durgapur-to-kolkata
South Bengal State Transport Corporation (SBSTC),Kolkata to Burdwan,95,https://www.redbus.in/bus-tickets/kolkata-to-burdwan
South Bengal State Transport Corporation (SBSTC),Kolkata to Durgapur (West Bengal),150,https://www.redbus.in/bus-tickets/kolkata-to-durgapur
South Bengal State Transport Corporation (SBSTC),Haldia to Kolkata,110,https://www.redbus.in/bus-tickets/haldia-to-kolkata
South Bengal State Transport Corporation (SBSTC),Kolkata to Haldia,98,https://www.redbus.in/bus-tickets/kolkata-to-haldia
South Bengal State Transport Corporation (SBSTC),Midnapore to Kolkata,110,https://www.redbus.in/bus-tickets/midnapore-to-kolkata
South Bengal State Transport Corporation (SBSTC),Kolkata to Arambagh (West Bengal),76,https://www.redbus.in/bus-tickets/kolkata-to-arambagh-west-bengal
South Bengal State Transport Corporation (SBSTC),Kolkata to Midnapore,110,https://www.redbus.in/bus-tickets/kolkata-to-midnapore
South Bengal State Transport Corporation (SBSTC),Kolkata to Digha,154,https://www.redbus.in/bus-tickets/kolkata-to-digha
South Bengal State Transport Corporation (SBSTC),Kolkata to Asansol (West Bengal),180,https://www.redbus.in/bus-tickets/kolkata-to-asansol
South Bengal State Transport Corporation (SBSTC),Kolkata to Bankura,180,https://www.redbus.in/bus-tickets/kolkata-to-bankura
South Bengal State Transport Corporation (SBSTC),Jhargram to Kolkata,140,https://www.redbus.in/bus-tickets/jhargram-to-kolkata
South Bengal State Transport Corporation (SBSTC),Digha to Kolkata,153,https://www.redbus.in/bus-tickets/digha-to-kolkata
South Bengal State Transport Corporation (SBSTC),Kolkata to Nimtouri,78,https://www.redbus.in/bus-tickets/kolkata-to-nimtouri
South Bengal State Transport Corporation (SBSTC),Kolkata to Contai (Kanthi),126,https://www.redbus.in/bus-tickets/kolkata-to-contai-kanthi
South Bengal State Transport Corporation (SBSTC),Digha to Durgapur (West Bengal),233,https://www.redbus.in/bus-tickets/digha-to-durgapur
South Bengal State Transport Corporation (SBSTC),Kolkata to Kolaghat,64,https://www.redbus.in/bus-tickets/kolkata-to-kolaghat
South Bengal State Transport Corporation (SBSTC),Kolkata to Nandakumar (west bengal),85,https://www.redbus.in/bus-tickets/kolkata-to-nandakumar
South Bengal State Transport Corporation (SBSTC),Kolkata to Suri,190,https://www.redbus.in/bus-tickets/kolkata-to-suri
South Bengal State Transport Corporation (SBSTC),Kirnahar (West Bengal) to Kolkata,150,https://www.redbus.in/bus-tickets/kirnahar-west-bengal-to-kolkata
South Bengal State Transport Corporation (SBSTC),Kolkata to Mecheda (West Bengal),68,https://www.redbus.in/bus-tickets/kolkata-to-mecheda-west-bengal
South Bengal State Transport Corporation (SBSTC),Durgapur (West Bengal) to Digha,233,https://www.redbus.in/bus-tickets/durgapur-to-digha
South Bengal State Transport Corporation (SBSTC),Illambazar to Kolkata,155,https://www.redbus.in/bus-tickets/illambazar-to-kolkata
South Bengal State Transport Corporation (SBSTC),Durgapur (West Bengal) to Barasat (West Bengal),155,https://www.redbus.in/bus-tickets/durgapur-to-barasat-west-bengal
South Bengal State Transport Corporation (SBSTC),Durgapur (West Bengal) to Berhampore (West Bengal),139,https://www.redbus.in/bus-tickets/durgapur-to-berhampore
South Bengal State Transport Corporation (SBSTC),Purulia to Durgapur (West Bengal),112,https://www.redbus.in/bus-tickets/purulia-to-durgapur
South Bengal State Transport Corporation (SBSTC),Midnapore to Barasat (West Bengal),125,https://www.redbus.in/bus-tickets/midnapore-to-barasat-west-bengal
South Bengal State Transport Corporation (SBSTC),Kolkata to Debra,86,https://www.redbus.in/bus-tickets/kolkata-to-debra
South Bengal State Transport Corporation (SBSTC),Kolkata to Chandipur (West Bengal),96,https://www.redbus.in/bus-tickets/kolkata-to-chandipur-west-bengal
South Bengal State Transport Corporation (SBSTC),Kolkata to Panskura,75,https://www.redbus.in/bus-tickets/kolkata-to-panskura
South Bengal State Transport Corporation (SBSTC),Berhampore (West Bengal) to Durgapur (West Bengal),143,https://www.redbus.in/bus-tickets/berhampore-to-durgapur
South Bengal State Transport Corporation (SBSTC),Barasat (West Bengal) to Midnapore,125,https://www.redbus.in/bus-tickets/barasat-west-bengal-to-midnapore
South Bengal State Transport Corporation (SBSTC),Kolkata to Kirnahar (West Bengal),150,https://www.redbus.in/bus-tickets/kolkata-to-kirnahar-west-bengal
South Bengal State Transport Corporation (SBSTC),Kolkata to Jhargram,139,https://www.redbus.in/bus-tickets/kolkata-to-jhargram
South Bengal State Transport Corporation (SBSTC),Futishanko to Kolkata,140,https://www.redbus.in/bus-tickets/futishanko-to-kolkata
South Bengal State Transport Corporation (SBSTC),Kirnahar (West Bengal) to Burdwan,70,https://www.redbus.in/bus-tickets/kirnahar-west-bengal-to-burdwan
South Bengal State Transport Corporation (SBSTC),Kolkata to Heria,107,https://www.redbus.in/bus-tickets/kolkata-to-heria
South Bengal State Transport Corporation (SBSTC),Berhampore (West Bengal) to Bolpur (West Bengal),90,https://www.redbus.in/bus-tickets/berhampore-to-bolpur-west-bengal
South Bengal State Transport Corporation (SBSTC),Digha to Barasat (West Bengal),170,https://www.redbus.in/bus-tickets/digha-to-barasat-west-bengal
South Bengal State Transport Corporation (SBSTC),Kolkata to Purulia,250,https://www.redbus.in/bus-tickets/kolkata-to-purulia
Assam State Transport Corporation (ASTC),Tezpur to Guwahati,275,https://www.redbus.in/bus-tickets/tezpur-to-guwahati
Assam State Transport Corporation (ASTC),Guwahati to Tezpur,303,https://www.redbus.in/bus-tickets/guwahati-to-tezpur
Assam State Transport Corporation (ASTC),Nagaon (Assam) to Guwahati,194,https://www.redbus.in/bus-tickets/nagaon-to-guwahati
Assam State Transport Corporation (ASTC),Guwahati to Nagaon (Assam),194,https://www.redbus.in/bus-tickets/guwahati-to-nagaon
Assam State Transport Corporation (ASTC),Goalpara to Guwahati,167,https://www.redbus.in/bus-tickets/goalpara-to-guwahati
Assam State Transport Corporation (ASTC),Jorhat to North Lakhimpur,413,https://www.redbus.in/bus-tickets/jorhat-to-north-lakhimpur
Assam State Transport Corporation (ASTC),Guwahati to Dhubri,418,https://www.redbus.in/bus-tickets/guwahati-to-dhubri
Assam State Transport Corporation (ASTC),North Lakhimpur to Sibsagar (Assam),224,https://www.redbus.in/bus-tickets/north-lakhimpur-to-sibsagar
Assam State Transport Corporation (ASTC),Dhubri to Guwahati,418,https://www.redbus.in/bus-tickets/dhubri-to-guwahati
Assam State Transport Corporation (ASTC),Dhekiajuli to Guwahati,217,https://www.redbus.in/bus-tickets/dhekiajuli-to-guwahati
Assam State Transport Corporation (ASTC),Sibsagar (Assam) to North Lakhimpur,224,https://www.redbus.in/bus-tickets/sibsagar-to-north-lakhimpur
Assam State Transport Corporation (ASTC),North Lakhimpur to Jorhat,406,https://www.redbus.in/bus-tickets/north-lakhimpur-to-jorhat
Assam State Transport Corporation (ASTC),Jorhat to Dibrugarh,211,https://www.redbus.in/bus-tickets/jorhat-to-dibrugarh
Assam State Transport Corporation (ASTC),Jorhat to Dhemaji,301,https://www.redbus.in/bus-tickets/jorhat-to-dhemaji
Assam State Transport Corporation (ASTC),Jorhat to Tinsukia,286,https://www.redbus.in/bus-tickets/jorhat-to-tinsukia
Assam State Transport Corporation (ASTC),Dhemaji to Jorhat,308,https://www.redbus.in/bus-tickets/dhemaji-to-jorhat
Assam State Transport Corporation (ASTC),Guwahati to Biswanath Charali,420,https://www.redbus.in/bus-tickets/guwahati-to-biswanath-charali
Assam State Transport Corporation (ASTC),Tezpur to Dibrugarh,408,https://www.redbus.in/bus-tickets/tezpur-to-dibrugarh
Assam State Transport Corporation (ASTC),North Lakhimpur to Dibrugarh,198,https://www.redbus.in/bus-tickets/north-lakhimpur-to-dibrugarh
Assam State Transport Corporation (ASTC),North Lakhimpur to Tezpur,339,https://www.redbus.in/bus-tickets/north-lakhimpur-to-tezpur
Assam State Transport Corporation (ASTC),Sibsagar (Assam) to Dhemaji,153,https://www.redbus.in/bus-tickets/sibsagar-to-dhemaji
Assam State Transport Corporation (ASTC),Biswanath Charali to Guwahati,420,https://www.redbus.in/bus-tickets/biswanath-charali-to-guwahati
Assam State Transport Corporation (ASTC),Dibrugarh to North Lakhimpur,204,https://www.redbus.in/bus-tickets/dibrugarh-to-north-lakhimpur
Assam State Transport Corporation (ASTC),Dibrugarh to Tezpur,475,https://www.redbus.in/bus-tickets/dibrugarh-to-tezpur
Assam State Transport Corporation (ASTC),Dibrugarh to Jorhat,211,https://www.redbus.in/bus-tickets/dibrugarh-to-jorhat
Assam State Transport Corporation (ASTC),Biswanath Charali to Dibrugarh,397,https://www.redbus.in/bus-tickets/biswanath-charali-to-dibrugarh
Assam State Transport Corporation (ASTC),Tezpur to North Lakhimpur,340,https://www.redbus.in/bus-tickets/tezpur-to-north-lakhimpur
Assam State Transport Corporation (ASTC),Bihpuria to Dibrugarh,298,https://www.redbus.in/bus-tickets/bihpuria-to-dibrugarh
Assam State Transport Corporation (ASTC),Tinsukia to Jorhat,286,https://www.redbus.in/bus-tickets/tinsukia-to-jorhat
Assam State Transport Corporation (ASTC),Guwahati to North Lakhimpur,642,https://www.redbus.in/bus-tickets/guwahati-to-north-lakhimpur
Assam State Transport Corporation (ASTC),Bokakhat to Dibrugarh,322,https://www.redbus.in/bus-tickets/bokakhat-to-dibrugarh
Assam State Transport Corporation (ASTC),Guwahati to Kaliabor,264,https://www.redbus.in/bus-tickets/guwahati-to-kaliabor
Assam State Transport Corporation (ASTC),Dibrugarh to Biswanath Charali,397,https://www.redbus.in/bus-tickets/dibrugarh-to-biswanath-charali
Assam State Transport Corporation (ASTC),North Lakhimpur to Moran,173,https://www.redbus.in/bus-tickets/north-lakhimpur-to-moran
Assam State Transport Corporation (ASTC),North Lakhimpur to Nagaon (Assam),449,https://www.redbus.in/bus-tickets/north-lakhimpur-to-nagaon
Assam State Transport Corporation (ASTC),Moran to North Lakhimpur,173,https://www.redbus.in/bus-tickets/moran-to-north-lakhimpur
Assam State Transport Corporation (ASTC),Moran to Tezpur,412,https://www.redbus.in/bus-tickets/moran-to-tezpur
Assam State Transport Corporation (ASTC),Jorhat to Gogamukh,345,https://www.redbus.in/bus-tickets/jorhat-to-gogamukh
Assam State Transport Corporation (ASTC),Gohpur to Guwahati,513,https://www.redbus.in/bus-tickets/gohpur-to-guwahati
Assam State Transport Corporation (ASTC),Tezpur to Tinsukia,475,https://www.redbus.in/bus-tickets/tezpur-to-tinsukia
Sikkim Nationalised Transport (SNT),Siliguri to Gangtok,288,https://www.redbus.in/bus-tickets/siliguri-to-gangtok
Sikkim Nationalised Transport (SNT),Gangtok to Siliguri,288,https://www.redbus.in/bus-tickets/gangtok-to-siliguri
Sikkim Nationalised Transport (SNT),Siliguri to Rangpo,189,https://www.redbus.in/bus-tickets/siliguri-to-rangpo
Sikkim Nationalised Transport (SNT),Rangpo to Siliguri,189,https://www.redbus.in/bus-tickets/rangpo-to-siliguri
Sikkim Nationalised Transport (SNT),Siliguri to Singtham (Sikkim),210,https://www.redbus.in/bus-tickets/siliguri-to-singtham-sikkim
Sikkim Nationalised Transport (SNT),Siliguri to Pelling (Sikkim),341,https://www.redbus.in/bus-tickets/siliguri-to-pelling-sikkim
Sikkim Nationalised Transport (SNT),Pelling (Sikkim) to Siliguri,341,https://www.redbus.in/bus-tickets/pelling-sikkim-to-siliguri
Sikkim Nationalised Transport (SNT),Ravangla (Sikkim) to Siliguri,294,https://www.redbus.in/bus-tickets/ravangla-sikkim-to-siliguri
Sikkim Nationalised Transport (SNT),Singtham (Sikkim) to Siliguri,215,https://www.redbus.in/bus-tickets/singtham-sikkim-to-siliguri
Sikkim Nationalised Transport (SNT),Siliguri to Ravangla (Sikkim),294,https://www.redbus.in/bus-tickets/siliguri-to-ravangla-sikkim
Meghalaya Transport Corporation(MTC),Guwahati to Shillong,210,https://www.redbus.in/bus-tickets/guwahati-to-shillong
Meghalaya Transport Corporation(MTC),Shillong to Guwahati,210,https://www.redbus.in/bus-tickets/shillong-to-guwahati
Meghalaya Transport Corporation(MTC),Tura (Meghalaya) to Shillong,542,https://www.redbus.in/bus-tickets/tura-meghalaya-to-shillong
Meghalaya Transport Corporation(MTC),Shillong to Tura (Meghalaya),542,https://www.redbus.in/bus-tickets/shillong-to-tura-meghalaya
Meghalaya Transport Corporation(MTC),Shillong to Williamnagar (Meghalaya),610,https://www.redbus.in/bus-tickets/shillong-to-williamnagar-meghalaya
Meghalaya Transport Corporation(MTC),Shillong to Silchar,403,https://www.redbus.in/bus-tickets/shillong-to-silchar
Meghalaya Transport Corporation(MTC),Williamnagar (Meghalaya) to Shillong,610,https://www.redbus.in/bus-tickets/williamnagar-meghalaya-to-shillong
Meghalaya Transport Corporation(MTC),Shillong to Karimganj,389,https://www.redbus.in/bus-tickets/shillong-to-karimganj
Meghalaya Transport Corporation(MTC),Silchar to Shillong,403,https://www.redbus.in/bus-tickets/silchar-to-shillong
Meghalaya Transport Corporation(MTC),Karimganj to Shillong,389,https://www.redbus.in/bus-tickets/karimganj-to-shillong
KAAC TRANSPORT,Diphu to Guwahati,390,https://www.redbus.in/bus-tickets/diphu-to-guwahati
KAAC TRANSPORT,Guwahati to Diphu,390,https://www.redbus.in/bus-tickets/guwahati-to-diphu
KAAC TRANSPORT,Bokolia (assam) to Guwahati,299,https://www.redbus.in/bus-tickets/bokolia-assam-to-guwahati
KAAC TRANSPORT,Dokmoka to Guwahati,250,https://www.redbus.in/bus-tickets/dokmoka-to-guwahati
KAAC TRANSPORT,Langhin (assam) to Guwahati,266,https://www.redbus.in/bus-tickets/langhin-assam-to-guwahati
KAAC TRANSPORT,Guwahati to Dokmoka,250,https://www.redbus.in/bus-tickets/guwahati-to-dokmoka
KAAC TRANSPORT,Guwahati to Langhin (assam),266,https://www.redbus.in/bus-tickets/guwahati-to-langhin-assam
KAAC TRANSPORT,Guwahati to Bokolia (assam),299,https://www.redbus.in/bus-tickets/guwahati-to-bokolia-assam
KAAC TRANSPORT,Guwahati to Manja (assam),350,https://www.redbus.in/bus-tickets/guwahati-to-manja-assam
KAAC TRANSPORT,Diphu to Hamren,246,https://www.redbus.in/bus-tickets/diphu-to-hamren
Assam State Transport Corporation (ASTC),Tezpur to Guwahati,260,https://www.redbus.in/bus-tickets/tezpur-to-guwahati
Assam State Transport Corporation (ASTC),Guwahati to Tezpur,275,https://www.redbus.in/bus-tickets/guwahati-to-tezpur
Assam State Transport Corporation (ASTC),Guwahati to Nagaon (Assam),194,https://www.redbus.in/bus-tickets/guwahati-to-nagaon
Assam State Transport Corporation (ASTC),Nagaon (Assam) to Guwahati,167,https://www.redbus.in/bus-tickets/nagaon-to-guwahati
Assam State Transport Corporation (ASTC),Goalpara to Guwahati,167,https://www.redbus.in/bus-tickets/goalpara-to-guwahati
Assam State Transport Corporation (ASTC),Jorhat to North Lakhimpur,413,https://www.redbus.in/bus-tickets/jorhat-to-north-lakhimpur
Assam State Transport Corporation (ASTC),Dhubri to Guwahati,418,https://www.redbus.in/bus-tickets/dhubri-to-guwahati
Assam State Transport Corporation (ASTC),Jorhat to Dibrugarh,211,https://www.redbus.in/bus-tickets/jorhat-to-dibrugarh
Assam State Transport Corporation (ASTC),North Lakhimpur to Jorhat,406,https://www.redbus.in/bus-tickets/north-lakhimpur-to-jorhat
Assam State Transport Corporation (ASTC),North Lakhimpur to Sibsagar,224,https://www.redbus.in/bus-tickets/north-lakhimpur-to-sibsagar
Assam State Transport Corporation (ASTC),Guwahati to Dhubri,418,https://www.redbus.in/bus-tickets/guwahati-to-dhubri
Assam State Transport Corporation (ASTC),Dhekiajuli to Guwahati,217,https://www.redbus.in/bus-tickets/dhekiajuli-to-guwahati
Assam State Transport Corporation (ASTC),Sibsagar to North Lakhimpur,224,https://www.redbus.in/bus-tickets/sibsagar-to-north-lakhimpur
Assam State Transport Corporation (ASTC),Dibrugarh to Jorhat,211,https://www.redbus.in/bus-tickets/dibrugarh-to-jorhat
Assam State Transport Corporation (ASTC),Jorhat to Dhemaji,301,https://www.redbus.in/bus-tickets/jorhat-to-dhemaji
Assam State Transport Corporation (ASTC),Jorhat to Tinsukia,286,https://www.redbus.in/bus-tickets/jorhat-to-tinsukia
Assam State Transport Corporation (ASTC),Tezpur to Dibrugarh,408,https://www.redbus.in/bus-tickets/tezpur-to-dibrugarh
Assam State Transport Corporation (ASTC),Dhemaji to Jorhat,308,https://www.redbus.in/bus-tickets/dhemaji-to-jorhat
Assam State Transport Corporation (ASTC),North Lakhimpur to Tezpur,295,https://www.redbus.in/bus-tickets/north-lakhimpur-to-tezpur
Assam State Transport Corporation (ASTC),Guwahati to Biswanath Charali,420,https://www.redbus.in/bus-tickets/guwahati-to-biswanath-charali
Assam State Transport Corporation (ASTC),North Lakhimpur to Dibrugarh,240,https://www.redbus.in/bus-tickets/north-lakhimpur-to-dibrugarh
Assam State Transport Corporation (ASTC),Tinsukia to Jorhat,249,https://www.redbus.in/bus-tickets/tinsukia-to-jorhat
Assam State Transport Corporation (ASTC),Tezpur to North Lakhimpur,340,https://www.redbus.in/bus-tickets/tezpur-to-north-lakhimpur
Assam State Transport Corporation (ASTC),North Lakhimpur to Moran,173,https://www.redbus.in/bus-tickets/north-lakhimpur-to-moran
Assam State Transport Corporation (ASTC),Guwahati to Gohpur,513,https://www.redbus.in/bus-tickets/guwahati-to-gohpur
Assam State Transport Corporation (ASTC),Guwahati to Kaliabor,264,https://www.redbus.in/bus-tickets/guwahati-to-kaliabor
Assam State Transport Corporation (ASTC),Guwahati to Tumuki (Tezpur Medical),322,https://www.redbus.in/bus-tickets/guwahati-to-tumuki-tezpur-medical
Assam State Transport Corporation (ASTC),Dibrugarh to Tezpur,475,https://www.redbus.in/bus-tickets/dibrugarh-to-tezpur
Assam State Transport Corporation (ASTC),Biswanath Charali to Guwahati,362,https://www.redbus.in/bus-tickets/biswanath-charali-to-guwahati
Assam State Transport Corporation (ASTC),Dibrugarh to North Lakhimpur,240,https://www.redbus.in/bus-tickets/dibrugarh-to-north-lakhimpur
Assam State Transport Corporation (ASTC),Moran to North Lakhimpur,173,https://www.redbus.in/bus-tickets/moran-to-north-lakhimpur
Assam State Transport Corporation (ASTC),Tumuki (Tezpur Medical) to Guwahati,322,https://www.redbus.in/bus-tickets/tumuki-tezpur-medical-to-guwahati
Assam State Transport Corporation (ASTC),Biswanath Charali to Dibrugarh,459,https://www.redbus.in/bus-tickets/biswanath-charali-to-dibrugarh
Assam State Transport Corporation (ASTC),Gohpur to Guwahati,453,https://www.redbus.in/bus-tickets/gohpur-to-guwahati
Assam State Transport Corporation (ASTC),Sibsagar to Dhemaji,153,https://www.redbus.in/bus-tickets/sibsagar-to-dhemaji
Assam State Transport Corporation (ASTC),North Lakhimpur to Guwahati,555,https://www.redbus.in/bus-tickets/north-lakhimpur-to-guwahati
Assam State Transport Corporation (ASTC),Haflong to Guwahati,533,https://www.redbus.in/bus-tickets/haflong-to-guwahati
Assam State Transport Corporation (ASTC),Tezpur to Moran,357,https://www.redbus.in/bus-tickets/tezpur-to-moran
Assam State Transport Corporation (ASTC),Moran to Tezpur,412,https://www.redbus.in/bus-tickets/moran-to-tezpur
Assam State Transport Corporation (ASTC),Bokakhat to Dibrugarh,278,https://www.redbus.in/bus-tickets/bokakhat-to-dibrugarh
GSRTC,Ahmedabad to Ganganagar (Sri Ganganagar),1099,https://www.redbus.in/bus-tickets/ahmedabad-to-ganganagar
GSRTC,Sirohi (Rajasthan) to Bikaner,667,https://www.redbus.in/bus-tickets/sirohi-to-bikaner
GSRTC,Ahmedabad to Bikaner,699,https://www.redbus.in/bus-tickets/ahmedabad-to-bikaner
GSRTC,Jodhpur to Bikaner,499,https://www.redbus.in/bus-tickets/jodhpur-to-bikaner
GSRTC,Jodhpur to Hanumangarh,667,https://www.redbus.in/bus-tickets/jodhpur-to-hanumangarh
GSRTC,Sumerpur (Rajasthan) to Bikaner,667,https://www.redbus.in/bus-tickets/sumerpur-to-bikaner
GSRTC,Jodhpur to Suratgarh,667,https://www.redbus.in/bus-tickets/jodhpur-to-suratgarh
GSRTC,Abu Road to Bikaner,699,https://www.redbus.in/bus-tickets/abu-road-to-bikaner
GSRTC,Ahmedabad to Suratgarh,1099,https://www.redbus.in/bus-tickets/ahmedabad-to-suratgarh
GSRTC,Sirohi (Rajasthan) to Jodhpur,399,https://www.redbus.in/bus-tickets/sirohi-to-jodhpur
GSRTC,Mehsana to Ganganagar (Sri Ganganagar),1099,https://www.redbus.in/bus-tickets/mehsana-to-ganganagar
GSRTC,Ahmedabad to Sirohi (Rajasthan),699,https://www.redbus.in/bus-tickets/ahmedabad-to-sirohi
GSRTC,Palanpur to Hanumangarh,1049,https://www.redbus.in/bus-tickets/palanpur-to-hanumangarh
GSRTC,Ahmedabad to Hanumangarh,1099,https://www.redbus.in/bus-tickets/ahmedabad-to-hanumangarh
GSRTC,Sirohi (Rajasthan) to Ganganagar (Sri Ganganagar),999,https://www.redbus.in/bus-tickets/sirohi-to-ganganagar
GSRTC,Swaroopganj to Bikaner,699,https://www.redbus.in/bus-tickets/swaroopganj-to-bikaner
GSRTC,Pali (Rajasthan) to Bikaner,599,https://www.redbus.in/bus-tickets/pali-rajasthan-to-bikaner
GSRTC,Mehsana to Hanumangarh,1099,https://www.redbus.in/bus-tickets/mehsana-to-hanumangarh
GSRTC,Sirohi (Rajasthan) to Suratgarh,999,https://www.redbus.in/bus-tickets/sirohi-to-suratgarh
GSRTC,Ahmedabad to Pilibanga,1099,https://www.redbus.in/bus-tickets/ahmedabad-to-pili-bhanga
GSRTC,Abu Road to Hanumangarh,999,https://www.redbus.in/bus-tickets/abu-road-to-hanumangarh
GSRTC,Ahmedabad to Jodhpur,699,https://www.redbus.in/bus-tickets/ahmedabad-to-jodhpur
GSRTC,Sumerpur (Rajasthan) to Hanumangarh,899,https://www.redbus.in/bus-tickets/sumerpur-to-hanumangarh
GSRTC,Unjha to Jodhpur,599,https://www.redbus.in/bus-tickets/unjha-to-jodhpur
GSRTC,Mehsana to Palanpur,399,https://www.redbus.in/bus-tickets/mehsana-to-palanpur
GSRTC,Mehsana to Pali (Rajasthan),599,https://www.redbus.in/bus-tickets/mehsana-to-pali-rajasthan
GSRTC,Sirohi Road (Rajasthan) to Hanumangarh,999,https://www.redbus.in/bus-tickets/sirohi-road-rajasthan-to-hanumangarh
GSRTC,Abu Road to Mahajan,999,https://www.redbus.in/bus-tickets/abu-road-to-mahajan
GSRTC,Jodhpur to Ganganagar (Sri Ganganagar),667,https://www.redbus.in/bus-tickets/jodhpur-to-ganganagar
GSRTC,Palanpur to Ganganagar (Sri Ganganagar),1049,https://www.redbus.in/bus-tickets/palanpur-to-ganganagar
GSRTC,Ahmedabad to Sirohi Road (Rajasthan),699,https://www.redbus.in/bus-tickets/ahmedabad-to-sirohi-road-rajasthan
GSRTC,Sumerpur (Rajasthan) to Arjunsar,899,https://www.redbus.in/bus-tickets/sumerpur-to-arjunsar
GSRTC,Sidhpur (gujarat) to Jodhpur,599,https://www.redbus.in/bus-tickets/sidhpur-to-jodhpur
GSRTC,Sanderao to Deshnokh,667,https://www.redbus.in/bus-tickets/sanderao-to-deshnokh
GSRTC,Palanpur to Bikaner,699,https://www.redbus.in/bus-tickets/palanpur-to-bikaner
GSRTC,Abu Road to Suratgarh,999,https://www.redbus.in/bus-tickets/abu-road-to-suratgarh
GSRTC,Ahmedabad to Mehsana,199,https://www.redbus.in/bus-tickets/ahmedabad-to-mehsana
GSRTC,Unjha to Hanumangarh,1099,https://www.redbus.in/bus-tickets/unjha-to-hanumangarh
GSRTC,Ahmedabad to Palanpur,299,https://www.redbus.in/bus-tickets/ahmedabad-to-palanpur
GSRTC,Sirohi (Rajasthan) to Hanumangarh,999,https://www.redbus.in/bus-tickets/sirohi-to-hanumangarh
